Parameter,Value
M11,-0.00014776761747731362
M12,0.0001863232692375324
M22,0.0004313292516669356
B11,-0.0356420787761829
B12,-0.01559049498152069
B22,0.026768292660884783
K11,-0.013385010026673408
K12,0.03109889190594822
K22,0.010193052371559541
