Parameter,Value
M11,0.0003167622292596535
M12,0.00040490905496259194
M22,0.00010770500284069603
B11,-0.016919268401342728
B12,0.007112875789840541
B22,-0.002807688928209641
K11,0.016908967286181537
K12,0.023415433112454496
K22,-0.00017220389834857338
